01-0029	01-0029_Ash_Grove_Cement	Ash Grove Cement Company - Durkee	33060 Shirttail Creek Road	Durkee	97905	true	P * EF * (1-CE)	false	[(C * D * K)] – W] (1 – (CE * DE) )
01-0038	01-0038_Northwest Pipeline LLC	Baker Compressor Station	7.5 Miles NW of Baker City to Chandler Lane	Baker City	97814	true	P * EF * (1-CE)	false	[(C * D * K)] – W] (1 – (CE * DE) )
02-0005	02-0005_HP_Inc	HP Inc	1070 NE CIRCLE BLVD	CORVALLIS	97330	false	P * EF * (1-CE)	true	[(C * D * K)] – W] (1 – (CE * DE) )
02-2054	02-2054_Morse Bros., Inc	Knife River Corvallis Concrete	28602 Hwy 34	Corvallis	97339	true	NA	true	NA
02-2125	02-2125_CPM Development Corporation	CPM Development Corp. dba Green & White Rock Products	28504 Payne Rd	Corvallis	97339	true	NA	true	NA
02-2173	02-2173_Hollingsworth & Vose Fiber Company	Hollingsworth & Vose Fiber Company	1551 SE Crystal Lake Drive (Plant 1); 1220 SE Crystal Lake Drive (Plant 2)	Corvallis	97339	true	P * EF * (1-CE)	false	[(C * D * K)] – W] (1 – (CE * DE) )
02-2298	02-2298_Oregon State University	Oregon State University	3015 SW Western Blvd	Corvallis	97331	true	P * EF * (1-CE)	false	[(C * D * K)] – W] (1 – (CE * DE) )
02-2524	02-2524_Oregon State Vet School	OSU Vet	College of Veterinary Medicine / Magruder hall 105	Corvallis OR	97331	true	P * EF * (1-CE)	false	[(C * D * K)] – W] (1 – (CE * DE) )
02-7082	02-7082_Georgia-Pacific Wood Products	Philomath Georgia-Pacific Wood Products, LLC	24808 Alsea Highway	Philomath	97370	true	P * EF * (1-CE)	true	[((C * D * K) – (W * K)) (1 – (CE * DE))]
02-9502	02-9502_Valley Landfills, Inc	Valley Landfills, Inc.	28972 Coffin Butte Road	Corvallis	97330	true	P * EF * (1-CE)	false	[(C * D * K)] – W] (1 – (CE * DE) )
02-9503	02-9503_Pacific Northwest Generating Cooperative	Pacific Northwest Generating Cooperative	29160 Coffin Butte Road	Corvalis	97330	true	P * EF * (1-CE)	false	[(C * D * K)] – W] (1 – (CE * DE) )
03-0002	03-0002_Oldcastle Precast, Inc	Oldcastle Precast, Inc.	PO Box 323, 28499 SW Boberg Rd.	Wilsonville	97070	true	NA	true	NA
03-0003	03-0003_S.R. Smith, LLC	S.R. Smith, LLC	1017 SW Berg Parkway	Canby	97013	true	P * EF * (1-CE)	true	[(C * D * K)] – W] (1 – (CE * DE) )
03-0007	03-0007_Glacier Northwest, Inc. Compressed	Glacier Northwest, Inc. - Clackamas Ready Mix	11340 SE Jennifer Street	Clackamas	97015	true	NA	true	NA
03-0009	03-0009_Atlas Industrial Coating, Inc	Atlas Industrial Coatings Inc.  DBA A.I.C., Inc.	17555 SW 63rd Ave 	Lake Oswego	97035	false	P * EF * (1-CE)	true	[(C * D * K)] – W] (1 – (CE * DE) )
03-0010	03-0010_Clackamas County Water Environment Services	Clackamas County Kellogg Creek Water Pollution Control Plant	11525 SE McLoughlin Blvd.	Milwaukie	97222	true	P * EF * (1-CE)	true	[(C * D * K)] – W] (1 – (CE * DE) )
03-0011	03-0011_Water Environment Services	Clackamas County Tri-City Water Pollution Control Plant	15941 S. Agnes Avenue	Oregon City	97045	true	P * EF * (1-CE)	true	[(C * D * K)] – W] (1 – (CE * DE) )
03-0016	03-0016_Wolf Steel Foundry, Inc	Wolf Steel Foundry Inc.	6160 South Whiskey Hill Road	Hubbard Oregon	97032	true	P * EF * (1-CE)	false	[((C * D * K) – (W * K)) (1 – (CE * DE))]
03-0020	03-0020_PCC Structurals, Inc	PCC Structurals, Inc., Deer Creek	13350 SE Johnson Road	Milwaukie	97222	true	P * EF * (1-CE)	true	[(C * D * K)] – W] (1 – (CE * DE) )
03-0030	03-0030_Dravon Medical, Inc	Dravon Medical Inc.	11465 SE Highway 212	Clackamas, Oregon	97015	false	P * EF * (1-CE)	true	[(C * D * K)] – W] (1 – (CE * DE) )
03-0037	03-0037_J and D Fertilizer Ltd	J and D Fertilizers, Ltd.	9205 S Kraxberger Rd.	Canby	97013	true	P * EF * (1-CE)	false	[(C * D * K)] – W] (1 – (CE * DE) )
03-0041	03-0041_McClure Industries, Inc	McClure Industries	9051 SE 55th Avenue	Portland	97206	true	P * EF * (1-CE)	true	[(C * D * K)] – W] (1 – (CE * DE) )
03-0048	03-0048_Kaiser Permanente	Kaiser Permante Sunnyside Medical Center	10180 SE Sunnyside Rd	Clackamas	97015	true	NA	true	NA
03-0050	03-0050_Xerox Corporation	Xerox	26600 SW Parkway Avenue, Suite #200	Wilsonville	97070	true	P * EF * (1-CE)	false	[(C * D * K)] – W] (1 – (CE * DE) )
03-0051	03-0051_Kaiser Permanente	Kaiser Permante Sunnyside Medical Center	10180 SE Sunnyside Rd	Clackamas	97015	true	NA	true	NA
03-0052	03-0052_Pesznecker Brothers, Inc	Pesznecker Brothers Inc.	15500 SE 102nd Ave 	Clackamas	97015	true	P * EF * (1-CE)	false	[(C * D * K)] – W] (1 – (CE * DE) )
03-0053	03-0053_TM Clackamas	Maaco Clackamas	159679 SE 135th Ave	Clackamas	97015	true	NA	true	NA
03-0057	03-0057_2_AGC Heat Transfer, Inc	AGC Heat Transfer.	9109 SE 64th Ave.	Portland	97206	true	NA	true	NA
03-0061	03-0061_Sunstone Circuits	Sunstone Circuits, LLC	13626 S Freeman Rd.	Mulino	97042	true	P * EF * (1-CE)	false	[((C * D * K) – (W * K)) (1 – (CE * DE))]
03-0065	03-0065_Conveyco	Conveyco Mfg. Corp.	15151 S.E. Minuteman Way	Clackamas, Oregon	97015	true	P * EF * (1-CE)	true	[(C * D * K)] – W] (1 – (CE * DE) )
03-0093	03-0093_Dave's Killer Bread	Dave's Killer Bread	5209 SE International Way	Milwaukie	97222	true	P * EF * (1-CE)	false	[(C * D * K)] – W] (1 – (CE * DE) )
03-0098	03-0098_PECO Inc	PECO, Inc.	11241 SE Hwy 212	Clackamas	97015	true	P * EF * (1-CE)	true	[(C * D * K)] – W] (1 – (CE * DE) )
03-0099	03-0099 PGE Carver	Carver Readiness Center	16782 SE 130th Ave	Clackamas	97015-8966	true	P * EF * (1-CE)	false	[(C * D * K)] – W] (1 – (CE * DE) )
03-0113	03-0113_Xerox Corporation	Xerox	27063 SW Canyon Creek Rd.	Wilsonville	97070	true	P * EF * (1-CE)	true	[(C * D * K)] – W] (1 – (CE * DE) )
03-1791	03-1791_Sanders Wood Products, Inc.	RSG Forest Products, Inc. 	28890 Highway 213	Molalla, Oregon	97038	true	P * EF * (1-CE)	false	[(C * D * K)] – W] (1 – (CE * DE) )
03-2145	03-2145_West_Linn_Paper_Company	West Linn Paper Company	4800 Mill Street	West Linn	97068	true	P * EF * (1-CE)	true	[(C * D * K)] – W] (1 – (CE * DE) )
03-2505	03-2505_Orchid Orthopedic Solutions	Orchid Othropedic Solutions	13963 Fir street 	Oregon City	97045	true	P * EF * (1-CE)	true	[((C * D * K) – (W * K)) (1 – (CE * DE))]
03-2533	03-2533 Interfor Molalla	Interfor US Inc. – Molalla Division	15555 S. Highway 211	Molalla	97038	true	P * EF * (1-CE)	false	[(C * D * K)] – W] (1 – (CE * DE) )
03-2624	03-2624_Oregon Cutting Systems	Blount, Inc.	4909 SE International Way	Milwaukie	97222	true	P * EF * (1-CE)	true	[(C * D * K)] – W] (1 – (CE * DE) )
03-2631	03-2631_Eagle Foundry Co	Eagle Foundry Co.	23123 SE Eagle Creek Road, PO Box 250	Eagle Creek	97022	true	P * EF * (1-CE)	false	[(C * D * K)] – W] (1 – (CE * DE) )
03-2634	03-2634_Johnson Controls Battery Group, Inc.	Johnson Controls Battery Group, Inc.	800 NW 3rd Avenue	Canby	97013	true	P * EF * (1-CE)	false	[(C * D * K)] – W] (1 – (CE * DE) )
 03-2657	03-2657_WCP, Inc Compressed	WCP, Inc dba Wilsonville Concrete Products	31200 SW Industrial Way	Wilsonville	97070	true	NA	true	NA
03-2674	03-2674_PCC Structurals, Inc	PCC Structurals, Inc., SSBO	13340 SE 84th Ave.	Clackamas	97015	true	P * EF * (1-CE)	false	[(C * D * K)] – W] (1 – (CE * DE) )
03-2719	03-2719_Georgia Pacific Gypsum, LLC	Georgia-Pacific Gypsum, LLC	505 NE 3rd Avenue	Canby	97103	true	P * EF * (1-CE)	true	[(C * D * K)] – W] (1 – (CE * DE) )
03-2729	03-2729_Northwest Pipeline LLC	Oregon City Compressor Station	13124 Springwater Road South	Oregon City    	97045	true	P * EF * (1-CE)	true	[(C * D * K)] – W] (1 – (CE * DE) )
03-2738	03-2738_Consolidated_Metco_Inc	Consolidated Metco Inc.	10448 Highway 212	Clackamas	97015	true	P * EF * (1-CE)	false	[(C * D * K)] – W] (1 – (CE * DE) )
03-2754	03-2754_Albertson's LLC	Safeway Clackamas Bread Plant	9450 SE Mangan Dr	Clackamas Or	97015	true	P * EF * (1-CE)	true	[(C * D * K)] – W] (1 – (CE * DE) )
03-2763	03-2763_Stutzman_Environmental_Products	Stutzman Environmental Products	410 industrial Way	Mollala	97038	true	P * EF * (1-CE)	true	[(C * D * K)] – W] (1 – (CE * DE) )
03-2777	03-2777_Miles Fiberglass & Plastics, Inc.	Miles Fiberglass & Plastics Inc.  Building A	1516 Main St 	Oregon City	97045	true	EF = Emission Factor	true	NA
03-2778	03-2778_Miles Fiberglass & Plastics, Inc.	Miles Fiberglass & Plastics Inc.	8855 SE Otty Road	Happy Valley	97086	true	EF = Emission Factor	true	NA
03-9507	03-9507_NW Natural Mollala	Molalla Gate Station	10405 S. Barnards Road	Molalla, OR	97038	true	P * EF * (1-CE)	false	[(C * D * K)] – W] (1 – (CE * DE) )
03-9511	03-9511_Universal Recycling Technologies, LLC	Universal Recycling Technologies, LLC	10151 SE Jennifer Street	Clackamas	97015	true	P * EF * (1-CE)	false	[(C * D * K)] – W] (1 – (CE * DE) )
03-9517	03-9517_AB Mauri Food, Inc.	AB Mauri Baking Solutions	26994 SW 95th Avenue	Wilsonville	97070	true	P * EF * (1-CE)	false	[(C * D * K)] – W] (1 – (CE * DE) )
04-0004	04-0004_Georgia-Pacific Consumer Products LP	Georgia-Pacific Consumer Products LP	92326 Taylorville Road	Clatskanie	97016	true	P * EF * (1-CE)	true	[(C * D * K)] – W] (1 – (CE * DE) )
04-0006	04-0006_Bio-Oregon Protein, Inc.	BioOregon Protein, Inc.	1935 NW Warrenton Drive	Warrenton	97146	true	P * EF * (1-CE)	false	[(C * D * K)] – W] (1 – (CE * DE) )
04-0041	04-0041_Hampton Lumber Mills, Inc	Hampton Lumber Mills, Inc.	550 Skipanon Drive	Warrenton	97146	true	P * EF * (1-CE)	true	[(C * D * K)] – W] (1 – (CE * DE) )
05-0006	05-0006_Cascade Kelly Holdings, LLC	Columbia Pacific Bio-Refinery	81200 Kallunki Road	Clatskanie	97016	true	P * EF * (1-CE)	false	[(C * D * K)] – W] (1 – (CE * DE) )
05-0011	05-0011_Clatskanie People's Utility District	Alden Bailey / Loki	92328 Taylorville Rd.	Clatskanie, OR	97016	true	P * EF * (1-CE)	false	[(C * D * K)] – W] (1 – (CE * DE) )
05-0014	05-0014_Longview Fibre Paper and Packaging Inc. dba KapStone	Clatskanie Chip Plant	76103 Highway 47	Clatskanie   	97016	true	P * EF * (1-CE)	false	[(C * D * K)] – W] (1 – (CE * DE) )
05-0023	05-0023_Cascade Kelly Holdings LLC	Columbia Pacific Bio-Refinery	81200 Kallunki Road	Clatskanie	97016	true	P * EF * (1-CE)	false	[(C * D * K)] – W] (1 – (CE * DE) )
05-1849	05-1849_Cascades Tissue Group Oregon	Cascades Tissue Group - Oregon	1300 Kaster Road	St. Helens	97051	true	P * EF * (1-CE)	true	[(C * D * K)] – W] (1 – (CE * DE) )
05-2042	05-2042_Dyno_Nobel	Dyno Nobel Inc.	63149 Columbia River Highway	Deer Island	97054	true	P * EF * (1-CE)	false	[(C * D * K)] – W] (1 – (CE * DE) )
05-2085	05-2085_Armstrong_World_Industries_Inc_Sept1submittal	Armstrong World Industries	1645 Railroad Avenue	St. Helens	97051	true	NA	true	NA
05-2520	05-2520_Portland General Electric Company	Beaver, Port Westward 1, Port Westward 2	80997 and 81566 Kallunki Road	Clatskanie	97016	true	P * EF * (1-CE)	true	[(C * D * K)] – W] (1 – (CE * DE) )
05-2581	05-2581_Northwest Natural Gas Company	NW Natural - Miller Station	off private logging road, northwest of Mist, OR	Mist	not applicable	true	P * EF * (1-CE)	false	[(C * D * K)] – W] (1 – (CE * DE) )
05-2598	05-2598_Enerfin Resources Northwest Ltd. Ptp.	Miller Compressor Station	10.5 mile Columbia River Main Line	Mist	97016	true	P * EF * (1-CE)	true	[(C * D * K)] – W] (1 – (CE * DE) )
05-2605	05-2605_Forest Energy Oregon, LLC	Forest Energy Oregon LLC	2305 2nd Street	Columbia City	97018	true	P * EF * (1-CE)	false	[(C * D * K)] – W] (1 – (CE * DE) )
06-0010	06-0010_Roseburg Forest Products Co	Roseburg Forest Products Coquille Plywood	Cedar Point Road	Coquille	97423	true	P * EF * (1-CE)	true	[(C * D * K)] – W] (1 – (CE * DE) )
06-0028	06-0028_Allweather Wood, LLC	Allweather Wood 	69015 Hauser Depot Rd	North Bend 	97459	true	P * EF * (1-CE)	true	[(C * D * K)] – W] (1 – (CE * DE) )
07-0001	07-0001_Contact Industries	Contact Industries, LLC	1155 N. Main     PO Box 309	Prineville, OR	97754	true	P * EF * (1-CE)	true	[(C * D * K)] – W] (1 – (CE * DE) )
07-0013	07-0013_Bioshpere Carbon Group, LLC	Biosphere Carbon Group, LLC	3920 NW Lamonta Road	Prineville	97754	true	P * EF * (1-CE)	false	[(C * D * K)] – W] (1 – (CE * DE) )
07-0022	07-0022_Les Schwab Warehouse Center, Inc	Les Schwab Production Center	717 NW Madras Highway	Prineville	97754	true	P * EF * (1-CE)	true	[(C * D * K)] – W] (1 – (CE * DE) )
07-0037	07-0037_VitesseLLC	Vitesse Data Center	735 SW Connect Way	Prineville	97754	true	P * EF * (1-CE)	false	[(C * D * K)] – W] (1 – (CE * DE) )
07-0046	07-0046_Apple Prineville Data Processing Center	Prineville Data Center	1600 SW Baldwin Rd.	Prineville	97754	true	P * EF * (1-CE)	false	[(C * D * K)] – W] (1 – (CE * DE) )
08-0003	08-0003_Pacific Wood Laminates, Inc	Pacific Wood Laminates, Inc.	P.O. Box 820	Brookings, Oregon	97415	true	P * EF * (1-CE)	false	[(C * D * K)] – W] (1 – (CE * DE) )
08-0008	08-0008_South Coast Lumber Co	South Coast Lumber Co.	17345 Carpenterville Road	P.O. Box 670	Brookings, Oregon	true	P * EF * (1-CE)	false	[(C * D * K)] – W] (1 – (CE * DE) )
09-0015	09-0015_JELD-WEN, inc	JELD-WEN, inc. dba JELD-WEN	62845 Boyd Acres Road	Bend	97701	true	P * EF * (1-CE)	true	[(C * D * K)] – W] (1 – (CE * DE) )
09-0018	09-0018_1_Team Millwork, LLC Compressed	BRIGHT WOOD CORPORATION - REDMOND SITE	630 SE 1ST STREET	REDMOND	97756	true	NA	true	NA
09-0022	09-0022_PCC Structurals, Inc	PCC Structurals, Inc., Schlosser	345 NE Hemlock Ave.	Redmond	97756	true	P * EF * (1-CE)	false	[(C * D * K)] – W] (1 – (CE * DE) )
09-0036	09-0036_Bend Research, Inc	Bend Research Inc., BRI-M1	20503 Builders Street	Bend	97701	true	EF = Emission Factor	true	K = % Weight Pollutant
09-0040	09-0040_KnottLandfill	Knott Landfill	61050 SE 27th Street	Bend	97702	true	P * EF * (1-CE)	false	[(C * D * K)] – W] (1 – (CE * DE) )
09-0072	09-0072_Genesis Acquisition Company, Inc. dba Northland Furniture Company, LLC	Genesis Acquisition Co dba Northland Furniture Company	681 SE Glenwood Drive	Bend	OR 97702	false	P * EF * (1-CE)	true	[(C * D * K)] – W] (1 – (CE * DE) )
09-0084	09-0084_Gas Transmission Northwest LLC	Gas Transmission Northwest LLC, Compressor Station #12	U.S. 97, 19 miles south of Bend, Oregon	Bend	97702	true	P * EF * (1-CE)	false	[(C * D * K)] – W] (1 – (CE * DE) )
09-9508	09-9508_Suterra	Suterra LLC	20950 Talus Place	Bend, OR	97701	true	P * EF * (1-CE)	true	[(C * K) – (W * K)] (1 – (CE * DE) )
09-9557	09-9557_Biogreen Sustainable Energy Co., LLC	Biogreen Sustainable Energy Co.	116855 Reed Road	La Pine	97739	true	NA	false	NA
10-0008	10-0008_Oregon Door Company	Oregon Door Company	477 Dillard Gardens Road 	Dillard, OR	97432	true	P * EF * (1-CE)	true	[(C * D * K)] – W] (1 – (CE * DE) )
10-0012	10-0012_Douglas County, Inc. dba Douglas County Forest Products	Douglas County Inc., DBA Douglas County Forest Products	398 Del Rio Rd.	Rosebur	97471	true	P * EF * (1-CE)	false	[(C * D * K)] – W] (1 – (CE * DE) )
10-0013	10-0013_Roseburg Forest Products Co	Roseburg Forest Products Riddle Engineered Wood	4500 Riddle Bypass Road	Riddle	97469	true	P * EF * (1-CE)	true	[(C * D * K)] – W] (1 – (CE * DE) )
10-0018	10-0018_D. R. Johnson Lumber Co	D.R. Johnson Lumber Co.	1991 Pruner Road	Riddle	97469	false	P * EF * (1-CE)	true	[(C * D * K)] – W] (1 – (CE * DE) )
10-0022	10-0022_Murphy Company	Murphy Company - Engineered Wood Division	412 West Central Avenue	Sutherlin	97479	true	P * EF * (1-CE)	false	[(C * D * K)] – W] (1 – (CE * DE) )
10-0025	10-0025_Roseburg Forest Products Co	Roseburg Forest Products Dillard Complex	10599 Old Highway 99 South	Dillard	97432	true	P * EF * (1-CE)	true	[(C * D * K)] – W] (1 – (CE * DE) )
10-0030	10-0030_Swanson Group Mfg. LLC	Swanson Group Mfg. LLC Roseburg Stud Division	2635 Old Highway 99 South	Roseburg Oregon	97470	true	P * EF * (1-CE)	false	[(C * D * K)] – W] (1 – (CE * DE) )
10-0031	10-0031_Douglas County Public Works Department	Roseburg Landfill	384 McLain West Avenue	Roseburg 	97470	true	P * EF * (1-CE)	false	[(C * D * K)] – W] (1 – (CE * DE) )
10-0033	10-0033_Orenco_Systems_Inc	Orenco Systems, Inc.	814 Airway Ave.	Sutherlin	97479	true	P * EF * (1-CE)	true	[(C * D * K)] – W] (1 – (CE * DE) )
10-0045	10-0045_Swanson Group Mfg	Swanson Group Mfg. LLC Glendale Plywood/Veneer	303 Mehlwood lane	Glendale , Oregon	97442	true	P * EF * (1-CE)	false	[(C * D * K)] – W] (1 – (CE * DE) )
10-0054	10-0054_Emerald Forest Products, Inc	Emerald Forest Products Plant #4	649 Fir Street	Drain	97435	true	NA	true	NA
10-0078	10-0078_Roseburg Forest Products Co	Roseburg Forest Products Riddle Plywood	3064 Cow Creek Road	Riddle	97469	true	P * EF * (1-CE)	true	[(C * D * K)] – W] (1 – (CE * DE) )
10-0121	10-0121_Hoover Treated Wood Products, Inc	Hoover Treated Wood Products, Inc.	303 Dillard Gardens Road	Winston	97496	true	P * EF * (1-CE)	false	[(C * D * K)] – W] (1 – (CE * DE) )
10-0152	10-0152_Northwest Pipeline LLC	Winchester Compressor Station	1137 Brozio Road	Winchester   	97495	true	P * EF * (1-CE)	true	[(C * D * K)] – W] (1 – (CE * DE) )
10-0154	10-0154_V-T West, Inc	V-T West, Inc. Oregon Division	393 Industrial Drive	Roseburg	97471	false	P * EF * (1-CE)	true	[(C * D * K)] – W] (1 – (CE * DE) )
10-0210	10-0210_Roseburg LFG Energy, LLC	Roseburg Landfill Gas to Energy Facility	384 McLain West Ave	Roseburg	97471	true	P * EF * (1-CE)	false	[(C * D * K)] – W] (1 – (CE * DE) )
11-0001	11-0001_Waste Management Disposal Services of Oregon, Inc	Columbia Ridge Landfill and Recycling Center	18177 Cedar Springs Landfill and Recycling Center	Arlington	97812	true	P * EF * (1-CE)	false	[(C * D * K)] – W] (1 – (CE * DE) )
11-0002	11-0002_Chemical Waste Management	Chemical Waste Management of the Northwest, Inc.	17629 Cedar Springs Lane	Arlington	97812	true	P * EF * (1-CE)	true	[(C * D * K)] – W] (1 – (CE * DE) )
11-0006	11-0006_InEnTec_Columbia_Ridge_Rev_0	InEnTec Columbia Ridge LLC	17661 Cedar Springs Lane	Arlington, OR	97812	true	P * EF * (1-CE)	true	[(C * D * K)] – W] (1 – (CE * DE) )
12-0032	12-0032_Ochoco Lumber Company	Malheur Lumber Company	60339 West Highway 26	John Day, OR	97845	true	P * EF * (1-CE)	false	[(C * D * K)] – W] (1 – (CE * DE) )
14-0003	14-0003_Bear Mountain Forest Products, Inc	Bear Mountain Forest Products, Inc.	5 NW Cramblett Way	Cascade Locks, OR	97014	true	P * EF * (1-CE)	false	[(C * D * K)] – W] (1 – (CE * DE) )
15-0004	15-0004_Boise Cascade Wood Products, LLC	Boise Cascade - Medford Plywood	3285 N. Pacific Hwy	Medford, OR	97501	true	P * EF * (1-CE)	true	[(C * D * K)] – W] (1 – (CE * DE) )
15-0005	15-0005_Cascade Wood Products, Inc	Cascade Wood Products	8399 14th Street	White City	97503	false	P * EF * (1-CE)	true	[(C * D * K)] – W] (1 – (CE * DE) )
15-0012	15-0012_Murphy Company dba Murphy Veneer	Murphy Veneer	7975 11th Street	White City	97503	true	P * EF * (1-CE)	false	[(C * D * K)] – W] (1 – (CE * DE) )
15-0014	15-0014_Murphy Company dba Murphy Plywood	Murphy Plywood Softwood Division	5205 North River Road	Rogue River	97537	true	P * EF * (1-CE)	true	[(C * D * K)] – W] (1 – (CE * DE) )
15-0020	15-0020_Boise Cascade Wood Products, LLC	Boise Cascade - Rogue Valley Plywood	1795 Antelope Road	White City, OR	97503	true	NA	true	[(C * D * K)] – W] (1 – (CE * DE) )
15-0021	15-0021_South Stage Landfill, Inc	South Stage Landfill	4761 South Stage Road	Jacksonville, OR	97530	true	P * EF * (1-CE)	false	[(C * D * K)] – W] (1 – (CE * DE) )
15-0022	15-0022_Plycem USA, Inc.	Plycem USA, LLC	1200 Ave G	White City	97503	true	P * EF * (1-CE)	true	[(C * D * K)] – W] (1 – (CE * DE) )
15-0025	15-0025_Timber Products Co. Limited Partnership	Timber Products Co. Limited Partnership	25 E. McAndrews Road	Medford	97501	true	P * EF * (1-CE)	true	[((C * D * K) – (W * K)) (1 – (CE * DE))]
15-0026	15-0026_Dry Creek Landfill, Inc	Dry Creek Landfill	6260 Dry Creek Road	Eagle Point, OR	97524	true	P * EF * (1-CE)	false	[(C * D * K)] – W] (1 – (CE * DE) )
15-0028	15-0028_Linde Gas North America LLC	Linde Gas North America LLC	470 West Antelope Road	White City	97503	true	P * EF * (1-CE)	true	[(C * D * K)] – W] (1 – (CE * DE) )
15-0029	15-0029 Carestream Health, Inc	Carestream Health, Inc.	8124 Pacific Avenue	White City	97503	true	P * EF * (1-CE)	true	[(C * D * K)] – W] (1 – (CE * DE) )
15-0030	15-0030_City of Medford	City of Medford Vernon Thorpe RWRF	1100 Kirtland Road	Central Point	97502	true	P * EF * (1-CE)	false	[(C * D * K)] – W] (1 – (CE * DE) )
15-0046	15-0046_Boise Cascade Wood Products, LLC	Boise Cascade - White City Veneer	7890Agate Road	White City, OR	97503	true	P * EF * (1-CE)	false	[(C * D * K)] – W] (1 – (CE * DE) )
15-0073	15-0073_Roseburg Forest Products Co	Roseburg Forest Products Medford MDF	2865 N. Pacific Hwy	Medford	97501	true	P * EF * (1-CE)	true	[(C * D * K)] – W] (1 – (CE * DE) )
15-0104	15-0104_Allweather Wood, LLC	Allweather Wood LLC	7893 Pacific Avenue 	White City 	97503	true	P * EF * (1-CE)	true	[(C * D * K)] – W] (1 – (CE * DE) )
15-0159	15-0159_Biomass One, L.P	Biomass One, L.P.	2350 Avenue G	White City, Oregon	97503	true	P * EF * (1-CE)	false	[(C * D * K)] – W] (1 – (CE * DE) )
15-0218	15-0218_CDS Publications, Inc	CDS Publications, Inc.	2603 South Pacific Highway	Medford	97501	true	P * EF * (1-CE)	true	[(C * D * K)] – W] (1 – (CE * DE) )
15-0222	15-0222_Boise Cascade Wood Products, LLC	Boise Cascade - Engineered Wood Products	1155 Antelope Road	White City, OR	97503	true	P * EF * (1-CE)	true	[(C * D * K)] – W] (1 – (CE * DE) )
15-9638	15-9638_Erickson Incorporated	Willow Springs	3100 Willow Springs	Central Point	97502	false	P * EF * (1-CE)	true	[(C * D * K)] – W] (1 – (CE * DE) )
16-0003	16-0003_Bright Wood Corporation	Bright Wood Corporation	335 NW Hess St	Madras	97741	false	P * EF * (1-CE)	true	[(C * D * K)] – W] (1 – (CE * DE) )
16-0026	16-0026_Gas Transmission Northwest LLC	Gas Transmission Northwest LLC, Compressor Station #11	Oregon Hwy. 26, 12 miles south of Madras, Oregon	Madras	97741	true	P * EF * (1-CE)	false	[(C * D * K)] – W] (1 – (CE * DE) )
17-0022	17-0022_City of Grants Pass Merlin Landfill	Merlin Landfill	1749 Merlin Rd.	Grants Pass	97526	true	P * EF * (1-CE)	false	[(C * D * K)] – W] (1 – (CE * DE) )
17-0030	17-0030_TP Grants Pass, LLC	TP Grants Pass, LLC	1090 SE M Street	Grants Pass	97526	true	P * EF * (1-CE)	true	[(C * D * K)] – W] (1 – (CE * DE) )
17-0046	17-0046_MasterBrand Cabinets	MasterBrand Cabinets Grants Pass Operations	550 SE Mill Street	Grants Pass 	97526	true	P * EF * (1-CE)	false	[(C * D * K)] – W] (1 – (CE * DE) )
18-0003	18-0003_Klamath Energy LLC	Klamath Energy, LLC	4940 Hwy 97 S	Klamath Falls	97601	true	P * EF * (1-CE)	false	[(C * D * K)] – W] (1 – (CE * DE) )
18-0005	18-0005_Interfor U.S. Inc	Interfor US, Inc., Gilchrist Facility	#1 Sawmill Road	Gilchrist	97737	true	P * EF * (1-CE)	false	[(C * D * K)] – W] (1 – (CE * DE) )
18-0006	18-0006_JELD-WEN, Inc	JELD-WEN, Inc. dba JELD-WEN	3303 Lakeport Blvd	Klamath Falls	97601	true	P * EF * (1-CE)	true	[(C * D * K)] – W] (1 – (CE * DE) )
18-0013	18-0013_Collins Products LLC	Collins Products, LLC	6410 Highway 66	Klamath Falls,	97601	true	P * EF * (1-CE)	true	[(C * D * K)] – W] (1 – (CE * DE) )
18-0014	18-0014_Columbia Forest Products, Inc	Columbia Forest Products, Columbia Plywood Corporation	4949 S Highway 97	Klamath Falls	97601	true	P * EF * (1-CE)	true	[(C * D * K)] – W] (1 – (CE * DE) )
18-0020	18-0020_ORRCO	Industrial Oils, Inc.	1291 Laverne Ave.	Klamath Falls	97601	true	P * EF * (1-CE)	false	[(C * D * K)] – W] (1 – (CE * DE) )
18-0022	18-0022_Electro Scientific Industries, Inc	Electro Scientific Industries 	4700 ESI Way 	Klamath Falls 	97601	true	P * EF * (1-CE)	true	[(C * D * K)] – W] (1 – (CE * DE) )
18-0072	18-0072_Gas Transmission Northwest LLC	Gas Transmission Northwest LLC, Compressor Station #14	Harpold Valley Road, 3 miles south of Bonanza	Bonanza	97623	true	P * EF * (1-CE)	false	[(C * D * K)] – W] (1 – (CE * DE) )
18-0089	18-0089_JELD-WEN, Inc	JELD-WEN, Inc. dba JELD-WEN	31725 Highway 97, Suite A	Chiloquin	97624-9702	true	P * EF * (1-CE)	true	[(C * D * K)] – W] (1 – (CE * DE) )
18-0096	18-0096_Gas Transmission Northwest LLC	Gas Transmission Northwest LLC, Compressor Station #13	¼ mile west of Diamond Lake Junction off US 97 & 138	Chemult	97731	true	P * EF * (1-CE)	false	[(C * D * K)] – W] (1 – (CE * DE) )
18-0097	18-0097_173d Fighter Wing Oregon Air National Guard	173d Fighter Wing Oregon Air National Guard	221 Wagner Street, Suite 16	Klamath Falls	97603	true	P * EF * (1-CE)	false	[(C * D * K)] – W] (1 – (CE * DE) )
19-0001	19-0001_Cornerstone_Industrial_Minerals_USA	Cornerstone Industrial Minerals Corporation U.S.A.	PO Box 1287	Lakeview, OR	97630	true	P * EF * (1-CE)	false	[(C * D * K)] – W] (1 – (CE * DE) )
19-0002	19-0002_Collins Pine Company	Lakeview Sawmill	1600 Missouri Avenue	Lakeview	97630	true	P * EF * (1-CE)	false	[(C * D * K)] – W] (1 – (CE * DE) )
19-0016-ST-01	19-0016_RedRockBiofuels_Sept1submittal	Red Rock Biofuels	Tax lot # 39S20E000004900 (No address assigned yet); Latitude 42°9'41.76"N; Longitude 120°21'0.87"W	Lakeview	97630	true	P * EF * (1-CE)	false	[(C * D * K)] – W] (1 – (CE * DE) )
21-0005	21-0005_Georgia-Pacific Toledo LLC	Georgia - Pacific Toledo LLC	1400 SE Butler Bridge Rd	Toledo	97391	true	P * EF * (1-CE)	false	[(C * D * K)] – W] (1 – (CE * DE) )
21-0042	21-0042_Northwest Natural Gas Company	NW Natural - Newport LNG	1554 Yaquina Bay Road	Newport	97365	true	P * EF * (1-CE)	false	[(C * D * K)] – W] (1 – (CE * DE) )
21-0064	21-0064_Trident Seafoods Corporation	Trident Seafoods Newport Fishmeal Plant	1310 SE Bay Blvd	Newport	97365	true	P * EF * (1-CE)	false	[(C * D * K)] – W] (1 – (CE * DE) )
22-0005	22-0005_CMH Manufacturing West, Inc	Clayton Albany	2445 Pacific Blvd., SW	Albany	97321	true	P * EF * (1-CE)	true	[(C * D * K)] – W] (1 – (CE * DE) )
22-0006	22-0006_Palm Harbor Homes, Inc	Palm Harbor Homes - Millersburg	3737 Palm Harbor Drive	Millersburg	97321	true	P * EF * (1-CE)	true	[(C * D * K)] – W] (1 – (CE * DE) )
22-0010	22-0010_Wastequip	Wastequip Manufacturing Company LLC Dba Wastequip Oregon 	33710 Oakville Road	Albany	97321	true	P * EF * (1-CE)	true	[(C * D * K)] – W] (1 – (CE * DE) )
22-0011	22-0011_Pacific Cast Technologies, Inc. dba ATI Cast Products	Pacific Cast Technologies, Inc. dba ATI Cast Products	150 Queen Ave SW	Albany	97322	true	NA	true	NA
22-0042	22-0042_Isovolta Inc	Isovolta Inc.	495 Territorial Street	Harrisburg	97446	true	P * EF * (1-CE)	true	[(C * D * K)] – W] (1 – (CE * DE) )
22-0044	22-0044_C.G.Industries, Inc	CG Industries	1282 Commercial Way SE	Albany	97322	true	P * EF * (1-CE)	true	[(C * D * K)] – W] (1 – (CE * DE) )
22-0143	22-0143_Flakeboard America Limited	Flakeboard America Limited, Duraflake	2550 Old Salem Road NE	Albany	97321	true	P * EF * (1-CE)	false	[(C * D * K)] – W] (1 – (CE * DE) )
22-0328	22-0328_Oregon Metallurgical, LLC dba ATI Albany Operations	Oregon Metallurgical, LLC dba ATI Albany Operations	530 34th Ave SW	Albany	97322	true	P * EF * (1-CE)	false	[(C * D * K)] – W] (1 – (CE * DE) )
22-0547	22-0547_TDY Industries, LLC dba ATI Wah Chang	TDY Industries, LLC dba ATI Specialty Alloys and Components	1600 Old Salem Rd NE	Albany	97321	true	NA	true	NA
22-1034	22-1034_Bear Mountain Forest Products, Inc	Bear Mountain Forest Products, Inc.	34363 Lake Creek Drive	Brownsville, OR	97327	true	P * EF * (1-CE)	false	[(C * D * K)] – W] (1 – (CE * DE) )
22-2522	22-2522_Freres Lumber Co. Inc	Plant # 3 Plywood Division	47842 yons-Mill City Dr.	Mill City	97360	true	P * EF * (1-CE)	true	[(C * D * K)] – W] (1 – (CE * DE) )
22-2525	22-2525_Frank Lumber Co. Inc	Frank Lumber Co., Inc.	47983 Lyons-Mill City Drive	Lyons	97358	true	P * EF * (1-CE)	true	[(C * D * K)] – W] (1 – (CE * DE) )
22-3010	22-3010_Weyerhaeuser NR Company	Weyerhaeuser Company - Foster Engineered Lumber Products	6011 Highway 20 East	Sweet Home	97386	true	P * EF * (1-CE)	true	[(C * D * K)] – W] (1 – (CE * DE) )
22-3501	22-3501_Cascade Pacific Pulp, LLC	Cascade Pacific Pulp, LLC	30480 American Drive	Halsey	97348	true	P * EF * (1-CE)	true	[(C * D * K)] – W] (1 – (CE * DE) )
22-5208	22-5208_Weyerhaeuser NR Company	Weyerhaeuser Company - Santiam Lumber	30440 Fairview Road	Lebanon	97355	false	P * EF * (1-CE)	true	[(C * D * K)] – W] (1 – (CE * DE) )
22-6002	22-6002_Freres Lumber Co. Inc	Freres Lumber Co. Inc. Lyons Facility	141 14th St.	Lyons	97358	true	P * EF * (1-CE)	true	[(C * D * K)] – W] (1 – (CE * DE) )
22-6009	22-6009_W.R. Grace & Co. - Conn	W. R. Grace	1290 Industrial Way	Albany	97322	true	P * EF * (1-CE)	false	[(C * D * K)] – W] (1 – (CE * DE) )
22-6024	22-6024_ENTEK	ENTEK International LLC	250 Hansard Ave	Lebanon, OR	97355	true	P * EF * (1-CE)	true	[(C * D * K)] – W] (1 – (CE * DE) )
22-6034	22-6034_Georgia-Pacific Consumer Products LP	Georgia-Pacific Consumer Products LP - Halsey Mill	30470 American drive	Halsey	97348	true	P * EF * (1-CE)	true	[(C * D * K)] – W] (1 – (CE * DE) )
22-8041	22-8041_Selmet, Inc	Selmet Inc.	33992 SE Seven Mile Ln.	Albany	97322	true	P * EF * (1-CE)	true	[(C * D * K)] – W] (1 – (CE * DE) )
22-8042	22-8042_Northwest Pipeline LLC	Albany Compressor Station	34939 Spicer Drive SE	Albany	97321	true	P * EF * (1-CE)	true	[(C * D * K)] – W] (1 – (CE * DE) )
22-8043	22-8043_Forest River, Inc	Forest River, Inc.	30725 Diamond Hill Road	Harrisburg	97446	true	P * EF * (1-CE)	true	[(C * D * K)] – W] (1 – (CE * DE) )
22-8045	22-8045_OFD Foods, LLC	OFD Foods, LLC - Plant 2 & 3	525 25th Ave SW	Albany, Oregon	97322	true	P * EF * (1-CE)	true	[(C * D * K)] – W] (1 – (CE * DE) )
22-8050	22-8050_Stahlbush Island Farms, Inc	Stahlbush Island Farms, Inc.	3122 Stahlbush Island Rd.	Corvallis, OR	97333	true	P * EF * (1-CE)	false	[(C * D * K)] – W] (1 – (CE * DE) )
22-8056	22-8056_EnerG2 Technologies, Inc	EnerG2 Technologies, Inc.	3000 Calapooia Street SW	Albany	97322	true	P * EF * (1-CE)	false	[(C * D * K)] – W] (1 – (CE * DE) )
23-0003	23-0003 Kraft Heinz Food Company	KraftHeinz Food Company, Ontario, OR	175 NE 6th Ave	Ontario	97914	true	P * EF * (1-CE)	false	[((C * D * K) – (W * K)) (1 – (CE * DE))]
23-0032	23-0032_EP Minerals, LLC	EP Minerals- Celatom Plant	2630 Graham Blvd.	Vale	97918	true	E= C * EF * (1-CE)	false	[(C * D * K)] – W] (1 – (CE * DE) )
24-0010	24-0010_Fleetwood Homes Inc	Fleetwood Homes - Woodburn	2655 Progress Way	Woodburn	97071	true	P * EF * (1-CE)	true	[(C * D * K)] – W] (1 – (CE * DE) )
24-0017	24-0017_Northwest Coating Systems, Inc.	Northwest Coatings Systems Inc	PO Box 906 / 1385 Industrial Way	Woodburn	97071	false	P * EF * (1-CE)	true	[(C * D * K)] – W] (1 – (CE * DE) ) K=%Weight Pollutant
24-0025	24-0025_Capital_Chrome	Capital Chrome and Precision Grinding	1520 Hickory St NE	Salem	97301	true	EF = Emission Factor	true	NA
24-0031	24-0031_Superior Tire Service, Inc	Superior Tire Service, Inc.	4230 27th Ct. SE	Salem	97302	true	P * EF * (1-CE)	true	[(C * D * K)] – W] (1 – (CE * DE) )
24-0051	24-0051_IMEX America Corporation	IMEX America Corporation	3560 Fairview Industrial Drive SE	Salem	97302	false	P * EF * (1-CE)	true	[(C * D * K)] – W] (1 – (CE * DE) )
24-0060	24-0060_Kettle Foods, Inc	Snyder's Lance Inc.	3125 Kettle Ct. SE	Salem	97301	true	P * EF * (1-CE)	false	[(C * D * K)] – W] (1 – (CE * DE) )
24-0070	24-0070_Specialty Polymers, Inc	Specialty Polymers, Inc.	2475 Progress Way	Woodburn	97071	true	P * EF * (1-CE)	false	[(C * D * K)] – W] (1 – (CE * DE) )
24-0104	24-0104_Western Industrial Fabricators & Machinists, Inc	Western Industrial Fabricator & Machinist	23019 Main St NE	St. Paul	97317	true	P * EF * (1-CE)	false	[(C * D * K)] – W] (1 – (CE * DE) )
24-0111	24-0111_Boman	Boman Industries Inc.	2470 Ewald Ave. SE	Salem	97302	true	P * EF * (1-CE)	false	[(C * D * K)] – W] (1 – (CE * DE) )
24-0114	24-0114_1_M-B Companies, Inc	M-B COMPANIES, INC.	2490 Ewald Ave. SE	Salem	97302	true	P * EF * (1-CE)	true	[(C * D * K)] – W] (1 – (CE * DE) )
24-0125	24-0125_The_Trading_Company	The Trading Company	2785 N. Front St.	Woodburn	97071	true	P * EF * (1-CE)	false	[(C * D * K)] – W] (1 – (CE * DE) )
24-0129	24-0129_Steelhead_Metal_Fab	Steelhead Metal & Fab LLC	3958 Boone Rd SE	Salem	97301	true	P * EF * (1-CE)	true	NA
24-0136	24-0136_City of Salem WWTP	City of Salem - Willow Lake WPCF	5915 Windsor Island Road Noarth	Salem	97303	true	P * EF * (1-CE)	false	[(C * D * K)] – W] (1 – (CE * DE) )
24-0148	24-0148_Columbia Helicopters, Inc	Columbia Helicopters	14452 Arndt rd	Aurora	97002	true	P * EF * (1-CE)	true	K = % Weight Pollutant
24-0151	24-0151_Forest River, Inc.	Forest River, Inc.	1204 Mill Street	Silverton	97381	false	P * EF * (1-CE)	true	[(C * D * K)] – W] (1 – (CE * DE) )
24-5155	24-5155_Oregon State Penitentiary	Oregon State Penitentiary	2605 State Street	Salem	97310	true	P * EF * (1-CE)	true	[(C * D * K)] – W] (1 – (CE * DE) )
24-5398	24-5398_Covanta Marion, Inc.	Covanta Marion, Inc.	4850 Brooklake Rd. NE	Brooks	97305	true	P * EF * (1-CE)	false	[(C * D * K)] – W] (1 – (CE * DE) )
24-7067	24-7067_Norpac Foods, Inc	NORPAC Foods, Inc. Stayton Plant #1	930 W Washington Street	Stayton	97383	true	P * EF * (1-CE)	true	[(C * D * K)] – W] (1 – (CE * DE) )
24-8061	24-8061_Boise Packaging & Newsprint, LLC	Boise Packaging & Newsprint, L.L.C. (subsidiary of Packaging Corporation of America)	2121 Madrona Avenue SE	Salem	97302	true	P * EF * (1-CE)	true	[(C * D * K)] – W] (1 – (CE * DE) )
24-8062	24-8062_Foster Farms, LLC	Foster Farms, LLC  -  Donald Feedmill	11671 Ehlen Road	Aurora	97002	true	P * EF * (1-CE)	false	[(C * D * K)] – W] (1 – (CE * DE) )
24-8082	24-8082_Ennis Paint Inc	Ennis Flint, Inc.	1675 Commercial Street NE	Salem	97301	true	P * EF * (1-CE)	false	[(C * D * K)] – W] (1 – (CE * DE) )
24-9201	24-9201_Northwest Pipeline LLC	McMinnville Compressor Station	6302 Torvend Road NE	Silverton	97381	true	P * EF * (1-CE)	true	[(C * D * K)] – W] (1 – (CE * DE) )
24-9205	24-9205_Akzo Nobel Coatings Inc	AkzoNobel Coatings Inc.	1660 Cross St. SE 	Salem	97302	true	P * EF * (1-CE)	true	[(C * D * K)] – W] (1 – (CE * DE) )
24-9213	24-9213_Panasonic Eco Solutions Solar America, LLC	Panasonic Eco Solutions Solar America, LLC	5475 Gaffin Rd. SE	Salem	97317	true	P * EF * (1-CE)	true	[(C * D * K)] – W] (1 – (CE * DE) )
25-0001	25-0001_Finley Buttes Landfill Company	Finley Buttes Regional Landfill	73221 Bombing Range Road	Boardman	97818	true	P * EF * (1-CE)	false	[(C * D * K)] – W] (1 – (CE * DE) )
25-0002	25-0002_Oregon Potato Company	Oregon Potato Company	650 E. Columbia Ave	Boardman, OR	97818	true	P * EF * (1-CE)	false	[(C * D * K)] – W] (1 – (CE * DE) )
25-0006	25-0006_Pacific Ethanol Columbia, LLC	Pacific Ethanol Columbia, LLC	71335 Rail Loop Drive	Boardman	97818	true	P * EF * (1-CE)	false	[(C * D * K)] – W] (1 – (CE * DE) )
25-0007	25-0007_VADATA, Inc	Vadata,Inc	73575 Lewis and Clark Drive	Boardman	97818	true	P * EF * (1-CE)	false	[(C * D * K)] – W] (1 – (CE * DE) )
25-0008	25-0008_VADATA, Inc	VAdata, Inc.	79539 Rippee Rd	Boardman	97818	true	P * EF * (1-CE)	false	[(C * D * K)] – W] (1 – (CE * DE) )
25-0016	25-0016_Portland General Electric Company	Boardman and Carty Generating Stations	Tower Road	Boardman	97818	true	P * EF * (1-CE)	true	[(C * D * K)] – W] (1 – (CE * DE) )
25-0021	25-0021_Novus Pacific, LLC	Novus Pacific LLC	Columbia Blvd	Boardman Oregon	97818	true	P * EF * (1-CE)	false	[(C * D * K)] – W] (1 – (CE * DE) )
25-0026	25-0026_Gas Transmission Northwest LLC	Gas Transmission Northwest LLC, Compressor Station #9	Four miles southwest of Ione, Oregon on Gooseberry Road	Ione	97843	true	P * EF * (1-CE)	false	[(C * D * K)] – W] (1 – (CE * DE) )
25-0027	25-0027_ConAgra Foods Lamb Weston, Inc	Lamb Weston,Inc. - Boardman East Plant	750 NE Columbia Ave.	Boardman	97818	true	P * EF * (1-CE)	false	[(C * D * K)] – W] (1 – (CE * DE) )
25-0031	25-0031_Portland General Electric Company	Coyote Springs Plant	200 Ullman Blvd.	Boardman	97818	true	P * EF * (1-CE)	true	[(C * D * K)] – W] (1 – (CE * DE) )
25-0032	25-0032_ConAgra Foods Lamb Weston, Inc	Lamb Weston,Inc. - Boardman West Plant	600 NE Columbia Ave.	Boardman	97818	true	NA	false	[(C * D * K)] – W] (1 – (CE * DE) )
25-0036	25-0036_Columbia River Processing, Inc	Columbia River Processing, Inc.	79588 Rippee Road	Boardman	97818	true	P * EF * (1-CE)	false	[(C * D * K)] – W] (1 – (CE * DE) )
25-0038	25-0038_Tidewater Terminal Co	Tidewater Terminal Company - Boardman Biofuels Dock	71987 Lewis & Clark Dr	Boardman	97818	true	P * EF * (1-CE)	true	[(C * D * K)] – W] (1 – (CE * DE) )
25-0039	25-0039_Calbee North America, LLC	Calbee North America	72600 Lewis & Clark Dr.	Boardman, OR	97818	true	P * EF * (1-CE)	false	[(C * D * K)] – W] (1 – (CE * DE) )
25-0041	25-0041_Finley BioEnergy LLC	Finley BioEnergy LLC Gas to Energy Plant	73221 Bombing Range Road	Boardman	97818	true	P * EF * (1-CE)	false	[(C * D * K)] – W] (1 – (CE * DE) )
25-0047	25-0047_TMF Biofuels, LLC	TMF Biofuels, LLC	75906 Threemile Road	Boardman	97818	true	P * EF * (1-CE)	false	[(C * D * K)] – W] (1 – (CE * DE) )
26-0018	26-0018_East Side Plating Plant 5	East Side Plating - Plant #5	1300 SE 2nd Ave.	Portland	97214-3301	true	P * EF * (1-CE)	false	[((C * D * K) – (W * K)) (1 – (CE * DE))]
26-0026	26-0026_Rodda Paint Co	Rodda Paint Co.	6123 N. Marine Drive	Portland	97203	true	P * EF * (1-CE)	false	[(C * D * K)] – W] (1 – (CE * DE) )
26-0027	26-0027_Semiconductor_Components_Industries_LLC	On Semiconductor	23400 NE Glisan St.	Gresham	97030	true	P * EF * (1-CE)	true	[(C * D * K)] – W] (1 – (CE * DE) )
26-0076	26-0076_Flint Group	FLINT GROUP NORTH AMERICA	2985 N MARINE DR	PORTLAND	97217-7745	true	P * EF * (1-CE)	false	[(C * D * K)] – W] (1 – (CE * DE) )
26-0088	26-0088_Mutual Materials Company	Mutual Materials Company	2300 Se Hogan Road	Gresham 	97080	true	P * EF * (1-CE)	false	[(C * D * K)] – W] (1 – (CE * DE) )
26-0100	26-0100_ColumbiaBlvdWWTP	Columbia Boulevard WWTP	5001 N. Columbia Boulevard	Portland	97203	true	P * EF * (1-CE)	false	[(C * D * K)] – W] (1 – (CE * DE) )
26-0143	26-0143_Pierce Pacific Manufacturing	Pierce Pacific Manufacturing Inc.	4424 NE 158th Avenue	Portland	97230	true	P * EF * (1-CE)	true	[(C * D * K)] – W] (1 – (CE * DE) )
26-0146	26-0146_Ash Grove Cement Company	Ash Grove Cement Company - Portland Terminal	3737 N. Port Center Way	Portland	97217	true	P * EF * (1-CE)	false	[(C * D * K)] – W] (1 – (CE * DE) )
26-0157	26-0157_EZFlow, Limited Partnership	EZFlow, LP - Portland Division	3004 North Wygant Street	Portland	97217	true	P * EF * (1-CE)	false	[(C * D * K)] – W] (1 – (CE * DE) )
26-0171	26-0171_East Side Plating Plant 4	East Side Plating - Plant #4	310 SE Stephens St	Portland	97214	true	P * EF * (1-CE)	false	[((C * D * K) – (W * K)) (1 – (CE * DE))]
26-0172	26-0172_ColumbiaBlvdWWTP	Columbia Blvd. Waste Water Treatment	5001 N. Columbia Boulevard 	Portland	97203-2098	true	NA	true	NA
26-0236	26-0236_Morgan_Truck_Body_LLC	Morgan Truck Body LLC	4436 NE 158th Ave	Portland 	97230-4906	false	P * EF * (1-CE)	true	[(C * D * K)] – W] (1 – (CE * DE) )
26-0243	26-0243_Multnomah County Facilities & Prop. Mng	East County Courts	18480 SE Stark Street	Portland	97223	true	NA	false	K = % Weight Pollutant
26-0273	26-0273_Apex Anodizing	Apex Anodizing	7015 NE Columbia Blvd	Portland	97218-3344	true	P * EF * (1-CE)	false	[((C * D * K) – (W * K)) (1 – (CE * DE))]
26-1814	26-1814_Solenis LLC	Solenis LLC	3366 NW Yeon Ave	Portland	97210	true	P * EF * (1-CE)	true	[(C * D * K)] – W] (1 – (CE * DE) )
26-1815	26-1815 Owens Corning Portland	Owens Corning Roofing & Asphalt, LLC	3750 NW Yeon Avenue	Portland	97210	true	P * EF * (1-CE)	true	[(C * D * K)] – W] (1 – (CE * DE) )
26-1865	26-1865_EVRAZ Inc, NA	EVRAZ Portland - Rivergate	14400 N Rivergate Blvd	Portland	97203	true	P * EF * (1-CE)	true	[(C * D * K)] – W] (1 – (CE * DE) )
26-1867	26-1867_PCC Structurals, Inc	PCC Structurals, Inc., LPC	4600 SE Harney Drive	Portland	97206	true	P * EF * (1-CE)	false	[(C * D * K)] – W] (1 – (CE * DE) )
26-1869	26-1869_Columbia Steel Casting Co., Inc	Columbia Steel Casting Co., Inc.	10425 N. Bloss Avenue	Portland	97283	true	P * EF * (1-CE)	true	[(C * D * K)] – W] (1 – (CE * DE) )
26-1876	26-1876_Owens-Brockway Glass Container Inc	Owens-Brockway Glass Container Inc.	9710 NE Glass Plant Rd.	Portland	97294-0067	true	P * EF * (1-CE)	true	[(C * D * K)] – W] (1 – (CE * DE) )
26-1885	26-1885_Galvanizers Company	Galvanizers Company	2406 NW 30th Avenue	Portland	97210	true	P * EF * (1-CE)	true	[(C * D * K)] – W] (1 – (CE * DE) )
26-1889	26-1889 J. R. Simplot Company	J.R. Simplot Company, Rivergate Terminal	14003 N Rivergate Blvd	Portland	97203	true	P * EF * (1-CE)	false	[(C * D * K)] – W] (1 – (CE * DE) )
26-1891	26-1891_Ash Grove Cement Company	Ash Grove Cement Company - Rivergate	13939 N. Rivergate Blvd.	Portland	97203	true	P * EF * (1-CE)	false	[(C * D * K)] – W] (1 – (CE * DE) )
26-1894	26-1894_Herbert Malarkey Roofing Company	Herbert Malarkey Roofing Company	3131 N. Columbia Blvd.	Portland, OR	97217	true	P * EF * (1-CE)	true	[(C * D * K)] – W] (1 – (CE * DE) )
26-2025	26-2025_Arc Terminals Holdings, LLC	Arc Terminals Holdings, LLC	5501 NW Front Avenue	Portland	97201	true	P * EF * (1-CE)	true	[(C * D * K)] – W] (1 – (CE * DE) )
26-2026	26-2026_Phillips 66 Company	Phillips 66 Portland Terminal	5528 NW Doane Avenue	Portland	97210	true	P * EF * (1-CE)	true	[(C * D * K)] – W] (1 – (CE * DE) )
26-2028	26-2028_Kinder Morgan Liquids Terminals LLC	Kinder Morgan Liquids Terminals, LLC	5880 NW St. Helens Road	Portland	97210	true	P * EF * (1-CE)	false	[(C * D * K)] – W] (1 – (CE * DE) )
26-2029	26-2029_Shore Terminals LLC	Shore Terminals LLC	9420 NW St. Helens Road	Portland	97231	true	P * EF * (1-CE)	true	[(C * D * K)] – W] (1 – (CE * DE) )
26-2030	26-2030_BP West Coast Products, LLC	BP West Coast Products, LLC: Portland Terminal	9930 NW St. Helens Road	Portland	97231	true	P * EF * (1-CE)	false	[(C * D * K)] – W] (1 – (CE * DE) )
26-2043	26-2043_CertainTeed Corporation	CertainTeed Corporation	6350 NW Front Avenue	Portland	97210	true	P * EF * (1-CE)	true	[(C * D * K)] – W] (1 – (CE * DE) )
26-2050	26-2050_Oregon Health Sciences University	Oregon Health and Sciences University	3181 SW Sam Jackson Park Road	Portland	97201	true	NA	false	[(C * D * K)] – W] (1 – (CE * DE) )
26-2068	26-2068_ESCO Corporation	ESCO Corporation	2211 NW Brewer St.	Portland	97210	true	P * EF * (1-CE)	false	[(C * D * K)] – W] (1 – (CE * DE) )
26-2197	26-2197_Daimler Trucks North America, LLC	Daimler Trucks North America LLC	6936 N Fathom Street	Portland	97217	true	P * EF * (1-CE)	true	[(C * D * K)] – W] (1 – (CE * DE) )
26-2204	26-2204_Boeing Company	The Boeing Company	19000 NE Sandy Boulevard	Gresham	97230	true	P * EF * (1-CE)	false	[(C * D * K)] – W] (1 – (CE * DE) )
26-2390	26-2390_Supreme Perlite Company	Supreme Perlite Company	4600 North Suttle Road	Portland	97239	true	P * EF * (1-CE)	false	[(C * D * K)] – W] (1 – (CE * DE) )
26-2478	26-2478_Equilon Enterprises LLC	Shell Portland Terminal	3800 NW St. Helens Road	Portland	97210	true	P * EF * (1-CE)	false	[(C * D * K)] – W] (1 – (CE * DE) )
26-2492	26-2492 Northwest Pipe	Northwest Pipe Company	12005 N Burgard	Portland	97203	true	P * EF * (1-CE)	true	[(C * D * K)] – W] (1 – (CE * DE) )
26-2557	26-2557_Blasen & Blasen Lumber Corp	Blasen & Blasen Lumber Corp.	2155 N Columbia Blvd.	Portland	97217	true	P * EF * (1-CE)	true	[(C * D * K)] – W] (1 – (CE * DE) )
26-2572	26-2572_Container Management Services, LLC	Container Management Services, LLC	3000 NW St. Helens Road	Portland	97210	true	NA	true	NA
26-2777	26-2777_Graphic Packaging International, Inc	Graphic Packaging International, Inc.	3400 North Marine Drive	Portland, OR	97217	true	P * EF * (1-CE)	true	[(C * D * K)] – W] (1 – (CE * DE) )
26-2832	26-2832_Portland State University	Portland State University	1900 SW Fourth Avenue	Portland  	97207	true	P * EF * (1-CE)	false	[(C * D * K)] – W] (1 – (CE * DE) )
26-2914	26-2914_Port Of Portland	Port of Portland	7200 NE Airport Way	Portland	97218	true	NA	true	NA
26-2944	26-2944_Gunderson	Gunderson, LLC.	4350 NW Front Avenue	Portland	97210	true	NA	true	NA
26-2952	26-2952_United States Bakery dba Franz	United States Bakeries dba as Franz Bakery	340 NE 11th Avenue	Portland	97232	true	P * EF * (1-CE)	true	[(C * D * K)] – W] (1 – (CE * DE) )
26-2968	26-2968_Mondelez Global LLC	Mondelez Global LLC	100 NE Columbia Blvd	Portland	97211-1416	true	P * EF * (1-CE)	true	[(C * D * K)] – W] (1 – (CE * DE) )
26-3002	26-3002_Siltronic Corporation	Siltronic Corporation	7200 NW Front Ave	Portland	97210	true	P * EF * (1-CE)	true	[(C * D * K)] – W] (1 – (CE * DE) )
26-3009	26-3009_Arclin Surfaces, Inc	Arclin Portland Division	2301 N Columbia Boulevard	Portland	97217	true	P * EF * (1-CE)	true	[(C * D * K)] – W] (1 – (CE * DE) )
26-3035	26-3035_Myers Containers, LLC	Myers Container LLC	8435 NE Killingsworth	Portland	97220	false	P * EF * (1-CE)	true	P * EF * (1-CE)
26-3036	26-3036_East Side Plating - Plant 1,2,3	East Side Plating - Plant #1,2,3	8400 SE 26th Pl.	Portland	97202	true	P * EF * (1-CE)	false	[((C * D * K) – (W * K)) (1 – (CE * DE))]
26-3038	26-3038_Cascade Corporation	Cascade Corporation	2201 NE 201st	Fairview	97024	true	P * EF * (1-CE)	true	[(C * D * K)] – W] (1 – (CE * DE) )
26-3048	26-3048_ORRCO	Oil Re-Refining Company	4150 N Suttle Road	Portland	97217	true	P * EF * (1-CE)	false	[(C * D * K)] – W] (1 – (CE * DE) )
26-3051	26-3051_International Paper Company	International Paper- Portland Container	1601 NE 192nd ave	Portland	97230	true	P * EF * (1-CE)	true	[(C * D * K)] – W] (1 – (CE * DE) )
26-3067	26-3067_Owens Corning Roofing and Asphalt, LLC	Owens Corning Roofing and Asphalt, LLC	11910 NW St. Helens Road	Portland	97231	true	P * EF * (1-CE)	false	[(C * D * K)] – W] (1 – (CE * DE) )
26-3110	26-3110_QG Printing II Corp	QG Printing II LLC	6031 NE 92nd Dr	Portland	97220	false	P * EF * (1-CE)	true	[(C * D * K)] – W] (1 – (CE * DE) )
26-3135	26-3135_Bullseye Glass Co	Bullseye Glass Company	3722 SE 21st Avenue	Portland	97202	true	NA	false	NA
26-3224	26-3224_Vigor Industrial, LLC	Vigor Industrial, LLC	5555 N. Channel Ave	Portland	97217	true	P * EF * (1-CE)	true	[(C * D * K)] – W] (1 – (CE * DE) )
26-3228	26-3228_City Of Gresham WWTP	Gresham Wastewater Treatment Plant	20015 NE Sandy Blvd	Gresham   	97230	true	P * EF * (1-CE)	false	[(C * D * K)] – W] (1 – (CE * DE) )
26-3230	26-3230_Lacamas Laboratories, Inc	Lacamas Laboratories	3625 N Suttle Rd	Portland	97217	true	P * EF * (1-CE)	false	[(C * D * K)] – W] (1 – (CE * DE) )
26-3240	26-3240_Microchip Technology, Inc	Microchip Technology Inc.	21015 SE Stark Street	Gresham	97030	true	P * EF * (1-CE)	true	[(C * D * K)] – W] (1 – (CE * DE) )
26-3241	26-3241_Sapa Profiles, Inc	Sapa Extrusions	5325 NE Skyport Way	Portland	97218	true	P * EF * (1-CE)	true	[(C * D * K)] – W] (1 – (CE * DE) )
26-3254	26-3254_Oregon Air National Guard	Oregon Air National Guard	6801 NE Cornfoot Road	Portland	97218	true	P*EF	true	[(C * D * K)] – W] (1 – (CE * DE) )
26-3266	26-3266_FXI, Inc	FXI Inc	3900 NE 158th Ave	Portland	97230	true	P * EF * (1-CE)	true	[(C * D * K)] – W] (1 – (CE * DE) )
26-3267	26-3267_US Bancorp	U.S. Bancorp Columbia Center	17650 NE Sandy Boulevard	Portland	97230	true	P * EF * (1-CE)	false	[(C * D * K)] – W] (1 – (CE * DE) )
26-3272	26-3272_Oldcastle Building Products Inc.	Oldcastle APG West, Inc. dba Sakrete of the Pacific Northwest	1402 North River St.	Portland	97227	true	P * EF * (1-CE)	false	[(C * D * K)] – W] (1 – (CE * DE) )
26-3291	26-3291_Boeing Company	The Boeing Company	4635 NE Cornfoot Road	Portland	97218	true	P * EF * (1-CE)	true	[((C * D * K) – (W * K)) (1 – (CE * DE))]
26-3310	26-3310_Metropolitan Service District	Metropolitan Service District. Saint Johns Landfill	9687 N. Columbia Blvd.	Portland	97220	true	P * EF * (1-CE)	false	[(C * D * K)] – W] (1 – (CE * DE) )
26-3311	26-3311_Canron Western Constructors, Inc	Supreme Group	4600 NE 138th Avenue	Portland	97230	true	P * EF * (1-CE)	true	[(C * D * K)] – W] (1 – (CE * DE) )
26-3317	26-3317_Silver Eagle Manufacturing Co	Silver Eagle Manufacturing Company	5825 NE Skyport Way 	Portland	97220	true	P * EF * (1-CE)	true	[(C * D * K)] – W] (1 – (CE * DE) )
26-9550	26-9550_Portland General Electric Company	Portland Service Center	3700 SE 17th Ave	Portland	97202-3833	true	P * EF * (1-CE)	true	[(C * D * K)] – W] (1 – (CE * DE) )
26-9554	26-9554_Signature Graphics, Inc	Signature Graphics, Inc.	15040 NE Mason St.	Portland	97230	true	P * EF * (1-CE)	true	[(C * D * K)] – W] (1 – (CE * DE) )
27-0001	27-0001_Marquis Corp. dba Marquis Spas	Marquis Spas Corporation	596 Hoffman Rd.	Independence	97351	false	P * EF * (1-CE)	true	[(C * D * K)] – W] (1 – (CE * DE) )
27-0004	27-0004_Forest River, Inc	Forest River, Inc.	1429 and 1430 SE Uglow Avenue	Dallas	97338	true	P * EF * (1-CE)	true	[(C * D * K)] – W] (1 – (CE * DE) )
27-0005	27-0005_Elkay Wood Products Company	Elkay Wood Products Company	625 Hoffman Road	Independence	97351-9805	true	P * EF * (1-CE)	true	[(C * D * K)] – W] (1 – (CE * DE) )
27-0012	27-0012_Meduri Farms, Inc	Meduri Farms, Inc.	12375 Smithfield Road	Dallas	97338	true	P * EF * (1-CE)	false	[(C * D * K)] – W] (1 – (CE * DE) )
27-8034	27-8034_Forest River, Inc	Forest River, Inc.	900 Walnut Street	Independence	97351-2143	true	P * EF * (1-CE)	true	[((C * D * K) – (W * K)) (1 – (CE * DE))]
28-0007	28-0007_Gas Transmission Northwest LLC	Gas Transmission Northwest LLC, Compressor Station #10	Wilcox Rd., 18 miles south of Grass Valley, OR on Hwy 97	Grass Valley	97029	true	P * EF * (1-CE)	false	[(C * D * K)] – W] (1 – (CE * DE) )
29-0003	29-0003_Farm Power Tillamook LLC	Farm Power Tillamook	2200 McCormick Loop Rd	Tillamook	97141	true	P * EF * (1-CE)	false	[(C * D * K)] – W] (1 – (CE * DE) )
29-0004	29-0004_Tillamook County Creamery Association	Tillamook County Creamery Association	4185 Highway 101 N	Tillamook	97141	true	P * EF * (1-CE)	false	[(C * D * K)] – W] (1 – (CE * DE) )
29-0007	29-0007_Hampton Lumber LLC	Hampton Lumber Mills, Inc. dba Tillamook Lumber Company	3111 East 3rd Street	Tillamook	97141	true	NA	false	NA
29-0008	29-0008_Farm Power Misty Meadow LLC	Farm Power Misty Meadow	23 Evergreen Dr	Tillamook	97141	true	P * EF * (1-CE)	false	[(C * D * K)] – W] (1 – (CE * DE) )
29-0077	29-0077_Stimson Lumber Company- Tillamook Ops	Stimson Lumber Company	6115 Hangar Road	Tillamook, OR	97141	true	P * EF * (1-CE)	true	[(C * D * K)] – W] (1 – (CE * DE) )
30-0008	30-0008_CMH Manufacturing West, Inc	Clayton Hermiston	400 West Elm Avenue	Hermiston	97838	true	P * EF * (1-CE)	true	[(C * D * K)] – W] (1 – (CE * DE) )
30-0011	30-0011_Lippert Components, Inc	Lippert Components, Inc. Plant 27	3700 NW Westgate	Pendleton	97801	true	P * EF * (1-CE)	true	[(C * D * K)] – W] (1 – (CE * DE) )
30-0016	30-0016_Boise Cascade Wood Products, LLC	Boise Cascade Wood Products, L.L.C., Kinzua Lumber	600 NW Cedar St.	Pilot Rock	97868	true	P * EF * (1-CE)	true	[(C * D * K)] – W] (1 – (CE * DE) )
30-0028	30-0028_VADATA, Inc	Vadata,Inc	2400 Beach Access Road	Umatilla	97882	true	P * EF * (1-CE)	false	[(C * D * K)] – W] (1 – (CE * DE) )
30-0056	30-0056_Blue Mt. Lumber Products, LLC	Blue Mountain Lumber	44112 Rieth Road	Pendleton	97801	true	P * EF * (1-CE)	false	[(C * D * K)] – W] (1 – (CE * DE) )
30-0075	30-0075_ConAgra Foods Lamb Weston, Inc	Lamb Weston,Inc. - Hermiston Plant	78153 Westland Road	Hermiston	97838	true	NA	false	[(C * D * K)] – W] (1 – (CE * DE) )
30-0112	30-0112_Northwest Pipeline LLC	Meacham Compressor Station	West Side of I-84	Meacham Compressor Station	97470	true	P * EF * (1-CE)	true	[(C * D * K)] – W] (1 – (CE * DE) )
30-0113	30-0113_Hermiston Generating Company, LP	Hermiston Generating Plant L.P.	78145 Westland Road	Hermiston	97838	true	P * EF * (1-CE)	true	[(C * D * K)] – W] (1 – (CE * DE) )
30-0118	30-0118_Hermiston Power LLC	Hermiston Power, LLC	78910 Simplot Road	Hermiston Power, LLC	97838	true	P * EF * (1-CE)	false	[((C * D * K) – (W * K)) (1 – (CE * DE))]
30-9503	30-9503_Pioneer Hi-Bred International, Inc	Pioneer Hi-Bred International	2212 SE 9th street	Hermiston, Or	97838	true	P * EF * (1-CE)	false	[(C * D * K)] – W] (1 – (CE * DE) )
31-0002	31-0002_Boise Cascade Wood Products, LLC	Boise Cascade Wood Products, L.L.C., Particleboard	62621 HWY 82	Island City, OR	97850	true	P * EF * (1-CE)	true	[(C * D * K)] – W] (1 – (CE * DE) )
31-0006	31-0006_Boise Cascade Wood Products, LLC	Boise Cascade Wood Products, L.L.C., Elgin Complex	90 South 21st Street	Elgin	97827	true	P * EF * (1-CE)	true	[(C * D * K)] – W] (1 – (CE * DE) )
31-0011	31-0011_Boise Cascade Wood Products, LLC	Boise Cascade Wood Products, L.L.C., Mt. Emily Lumber	1917 Jackson Avenue	La Grande	97850	true	P * EF * (1-CE)	true	[(C * D * K)] – W] (1 – (CE * DE) )
31-0028	31-0028_Hexion Inc	Hexion Inc.	62575 Oregon Hwy 82	Island City	97850	true	P * EF * (1-CE)	false	[(C * D * K)] – W] (1 – (CE * DE) )
33-0001	33-0001_Sapa Extrusions, Inc	Sapa Extrusion Inc. The Dalles Cast	2929 West 2nd Street	The Dalles 	97058	true	P * EF * (1-CE)	true	[(C * D * K)] – W] (1 – (CE * DE) )
33-0003	33-0003_Amerities West LLC	Amerities West LLC	100 Tie Plant Road	The Dalles	97058	true	P * EF * (1-CE)	true	[(C * D * K)] – W] (1 – (CE * DE) )
33-0007	33-0007_Wasco County Landfill, Inc	Wasco County Landfill	2550 Steele Rd	The Dalles	97058	true	P * EF * (1-CE)	false	[(C * D * K)] – W] (1 – (CE * DE) )
33-0022	33-0022_DESIGN, LLC	Design, LLC	4200 Columbia Road	The Dalles	97058	true	EF = Emission Factor	false	K = % Weight Pollutant
34-0004	34-0004_Hillsboro Landfill Inc	Hillsboro Landfill	3205 SE Minter Bridge Road	Hillsboro 	97123	true	P * EF * (1-CE)	false	[(C * D * K)] – W] (1 – (CE * DE) )
34-0005	34-0005_Valmont Coatings	Valmont Industries, Inc.	9700 SW Herman Road	Tualatin	97062	true	P * EF * (1-CE)	true	[(C * D * K)] – W] (1 – (CE * DE) )
34-0007	34-0007_Fought & Company, Inc	Fought & Company, Inc.	14255 SW 72nd Ave	Tigard	97224	true	P * EF * (1-CE)	true	[(C * D * K)] – W] (1 – (CE * DE) )
34-0009	34-0009_International Paper Company	International Paper	5570 SW Western Ave	Beaverton	97005	true	NA	false	K = % Weight Pollutant
34-0010	34-0010_SolarWorld Americas Inc	SolarWorld Americas, Inc.	25300 NW Evergreen Rd.	Hillsboro	97124	true	P * EF * (1-CE)	true	[(C * D * K)] – W] (1 – (CE * DE) )
34-0016	34-0016_AGC Electronics America	AGC Electronics	4375 NW 235th Ave	Hillsboro	97124	true	P * EF * (1-CE)	true	[((C * D * K) – (W * K)) (1 – (CE * DE))]
34-0017	34-0017_Dynic USA Corporation	Dynic USA Corporation	4750 NE Dawson Creek Drive 	Hillsboro	97124	true	P * EF * (1-CE)	true	[((C * D * K) – (W * K)) (1 – (CE * DE))]
34-0055	34-0055_Qorvo US	Qorvo US	2300 NE Brookwood Parkway	Hillsboro	97124	true	P * EF * (1-CE)	false	[(C * D * K)] – W] (1 – (CE * DE) )
34-0056	34-0056_Finishing First, Inc	Finishing First Inc.	12970 SW Hall Boulevard	Tigard	97223	true	P * EF * (1-CE)	true	[(C * D * K)] – W] (1 – (CE * DE) )
34-0058	34-0058_International Paper	International Paper Co.	23950 NW Huffman Street	Hillsboro, OR	97124	true	P * EF * (1-CE)	false	[(C * D * K)] – W] (1 – (CE * DE) )
34-0063	34-0063_Lam Research Corporation	Lam Research	11155 SW Leveton Drive	Tualatin	97062	true	P * EF * (1-CE)	true	[(C * D * K)] – W] (1 – (CE * DE) )
34-0067	34-0067_CoorsTek, Inc	CoorsTek Oregon Operations	555 NE 53rd Ave	Hillsboro	97124	true	P * EF * (1-CE)	true	[(C * D * K)] – W] (1 – (CE * DE) )
34-0081	34-0081_Lakeside Lumber Company	LAKESIDE LUMBER	10600 SW Tualatin Sherwood Rd.	Tualatin	97062	false	P * EF * (1-CE)	true	[(C * D * K)] – W] (1 – (CE * DE) )
34-0087	34-0087_Cascade Coil Drapery, Inc	Cascade Coil Drapery, Inc.	19505 SW 90th Ct	Tualatin	97062	false	P * EF * (1-CE)	true	[(C * D * K)] – W] (1 – (CE * DE) )
34-0107	34-0107_Pioneer Metal Finishing	Pioneer metal Finishing, LLC.	19005 SW 125th Ct.	Tualatin	97062-7380	true	P * EF * (1-CE)	false	[((C * D * K) – (W * K)) (1 – (CE * DE))]
34-0144	34-0144_Davis Tool, Inc	Davis Tool, Inc.	3740 NW Aloclek Place	Hillsboro	97124	false	P * EF * (1-CE)	true	[(C * D -W)] *K] (1 – (CE * DE) )
34-0149	34-0149_Portland General Electric Company	Avery Regional Service Center	10800 SW Avery St	Tualatin	97062-8585	true	P * EF * (1-CE)	true	[(C * D * K)] – W] (1 – (CE * DE) )
34-0152	34-0152_QuantumClean	QuantumClean	21421 NW Jacobson Road	Hillsboro	97124	true	P * EF * (1-CE)	true	[(C * D * K)] – W] (1 – (CE * DE) )
34-0157	34-0157_T5_Portland.LLC	T5 Datacenters	3145 NE Brookwood Pkwy	Hillsboro	97124	true	P * EF * (1-CE)	false	[(C * D * K)] – W] (1 – (CE * DE) )
34-2066	34-2066_Stimson Lumber Company	Stimson Lumber Company - Forest Grove Facility	49800 SW Scoggins Valley Road	Gaston	97119	true	P * EF * (1-CE)	true	[(C * D * K)] – W] (1 – (CE * DE) )
34-2565	34-2565_Hampton Lumber Mills - Banks Inc	Hampton Lumber Mills, Inc. dba Banks Lumber Company	13620 NW Commerce Street	Banks	97106	true	NA	true	NA
34-2623	34-2623_Clean Water Services	Durham Facility	16580 SW 85th Avenue	Tigard	97224	true	P * EF * (1-CE)	false	[(C * D * K)] – W] (1 – (CE * DE) )
34-2638	34-2638_Tektronix, Inc	Tektronix, Inc.	14150 SW Karl Braun Drive	Beaverton	Oregon	true	P * EF * (1-CE)	true	[(C * D * K)] – W] (1 – (CE * DE) )
34-2678	34-2678_Viasystems Technologies Corp, L.L.C	Viasystems Corporation (dba TTM Technologies, Inc.)	1521 Poplar Lane	Forest Grove	97116	true	P * EF * (1-CE)	true	[(C * D * K)] – W] (1 – (CE * DE) )
34-2681	34-2681_Intel Corporation	Intel Corporation		Aloha Campus	3585 SW 198th Avenue	true	P * EF * (1-CE)	false	[(C * D * K)] – W] (1 – (CE * DE) )
34-2684	34-2684_Allied Systems Company	Allied Systems Company	21433 SW Oregon Street	Sherwood	97160	false	P * EF * (1-CE)	true	[(C * D * K)] – W] (1 – (CE * DE) )
34-2753	34-2753_Clean Water Services	Rock Creek Advanced Wastewater Treatment Facility	3235 SE River Road	Hillsboro	97123	true	P * EF * (1-CE)	false	[(C * D * K)] – W] (1 – (CE * DE) )
34-2756	34-2756_DMH, Inc	DMH Inc.	3802 24th Avenue	Forest Grove	97116	false	P * EF * (1-CE)	true	[(C * D * K)] – W] (1 – (CE * DE) )
34-2762	34-2762_Bonita Packaging Products, Inc	Bonita Packaging Products Inc. dba Bonita Pioneer	7333 SW Bonita Rd	Portland	97224	true	P * EF * (1-CE)	false	[(C * D * K)] – W] (1 – (CE * DE) )
34-2778	34-2778_Oregon Sandblasting & Coating, Inc	Oregon Sandblasting & Coating	10000 Herman Road	Tualatin 	97062	false	P * EF * (1-CE)	true	[(C * D * K)] – W] (1 – (CE * DE) )
34-2783	34-2783_Bimbo Bakeries USA	Bimbo Bakeries USA, Inc.	10750 SW 5th Street	Beaverton	97005	true	P * EF * (1-CE)	true	[(C * D * K)] – W] (1 – (CE * DE) )
34-2790	34-2790_Tokyo Ohka Kogyo America, Inc	Tokyo Ohka Kogyo America, Inc.	4600 NE Brookwood Parkway	Hillsboro	97124	true	P * EF * (1-CE)	true	[(C * D * K)] – W] (1 – (CE * DE) )
34-2804	34-2804_Maxim Integrated Products, Inc	Maxim Integrated 	14320 SW Jenkins Road	Beaverton	97005	true	P * EF * (1-CE)	true	[(C * D * K)] – W] (1 – (CE * DE) )
34-2813	34-2813_Jireh Semiconductor	Jireh Semiconductor Inc.	3131 NE Brookwood Pkwy	Hillsboro	97124	true	P * EF * (1-CE)	true	[(C * D * K)] – W] (1 – (CE * DE) )
34-9510	34-9510_Summit Natural Energy Corporation	Summit Natural Energy	535 N. 4th Ave.	Cornelius	97113	true	P * EF * (1-CE)	false	[(C * D * K)] – W] (1 – (CE * DE) )
34-9514	34-9514_Agilyx Corporation	Agilyx Corporation	7904 Hunziker Street	Tigard	97223	true	P * EF * (1-CE)	true	[(C * D * K)] – W] (1 – (CE * DE) )
36-0001	36-0001_Skyline Corporation	Skyline Corporation	550 Booth Bend Rd.	McMinnville	97128	true	P * EF * (1-CE)	true	[(C * D * K)] – W] (1 – (CE * DE) )
36-0011	36-0011_Riverbend Landfill Co	Riverbend Landfill	13469 SW Highway 18	McMinnville	97128	true	P * EF * (1-CE)	false	[(C * D * K)] – W] (1 – (CE * DE) )
36-0026	36-0026_Zieman Manufacturing Company	Lippert Components, Inc. Plant 107	150 SE Booth Bend Road	McMinnville	97128	true	P * EF * (1-CE)	true	[(C * D * K)] – W] (1 – (CE * DE) )
36-0032	36-0032_Harris Thermal Transfer Products, Inc	Harris Thermal Transfer Products Inc.	615 S. Springbrook Rd.	Newberg	97132	true	P * EF * (1-CE)	true	[(C * D * K)] – W] (1 – (CE * DE) )
36-0040	36-0040_Meggitt-Oregon, Inc. dba Meggitt Polymers & Composites	Meggitt Polymers & Composites	2010 Lafayette Avenue	McMinnville	97128	true	P * EF * (1-CE)	false	[(C * D * K)] – W] (1 – (CE * DE) )
36-0041	36-0041_M & W Fiberglass, Inc	M&W Fiberglass, Inc.	20929 NE Niederberger Road	Dundee	97115	true	P * EF * (1-CE)	true	[(C * D * K)] – W] (1 – (CE * DE) )
36-5034	36-5034_Cascade Steel Rolling Mills, Inc	Cascade Steel Rolling Mills	3200 North Highway 99W	McMinnville	97128	true	NA	false	NA
36-7004	36-7004_McFarland Cascade Holdings, Inc	McFarland Cascade Holdings Inc.	22125 SW Rock Creek Road	Sheridan	97378	true	P * EF * (1-CE)	true	[(C * D * K)] – W] (1 – (CE * DE) )
36-8010	36-8010_Hampton Lumber Mills, Inc. dba Willamina Lumber Company	Hampton Lumber Mills, Inc. dba Willamina Lumber Company	1000 Willamina Creek Drive	Willamina	97396	true	NA	true	NA
36-8031	36-8031_Boise Cascade Wood Products, LLC	Boise Cascade - Willamina Veneer	34160 SW Valley Highway	Willamina, OR	97396	true	P * EF * (1-CE)	true	[(C * D * K)] – W] (1 – (CE * DE) )
36-9504	36-9504_City of Newberg	City of Newberg WWTP	2301 NE Wynooski Rd	Newberg	97132	true	P * EF * (1-CE)	false	[(C * D * K)] – W] (1 – (CE * DE) )
37-0004	37-0004_Gas Transmission Northwest LLC	Gas Transmission Northwest LLC, Stanfield Meter Station	0.8 miles east of Stanfield Loop Road on Guthrey Lane	Stanfield	97875	true	P * EF * (1-CE)	false	[(C * D * K)] – W] (1 – (CE * DE) )
37-0087	37-0087_Enerfin Resources Northwest LP	Miller Compressor Station	10.5 mile Columbia River Main Line	Mist		true	P * EF * (1-CE)	false	[(C * D * K)] – W] (1 – (CE * DE) )
